get on one's feet	（新しい任地・環境に）慣れて自立する、独り立ちする	He will get me on my feet, and then he will go.	彼が私を軌道に乗せてくれたら、あとは去っていくの。
the nation of X is not big enough for the both of us	（西部劇の決闘台詞のもじり）二人が同時にそこにいるのは狭すぎる、両立できない	You think the nation of Afghanistan is not big enough for the both of us?	アフガニスタンには、私たち二人が同時にいる余地はないとでも思ってるの？
dry run	本番前の予行演習、リハーサル	We try to do a dry run with all the gear.	一式の装備を使って予行演習をしてみます。
lean into something	（あるイメージ・要素を）逆手に取って前面に押し出す	First-time ambassador. Lean into the Cinderella thing.	初めての女性大使なんだから、シンデレラ物語を前面に押し出しましょう。
corridor rep	組織内の評判、実務能力に対する社内での評判（「廊下の噂」から）	Her corridor rep is fantastic, but she's a little...	彼女の社内評価は素晴らしいけど、少し……
kingmaker	（表舞台に出ず）指導者を陰で選び動かす黒幕	I'm not asking for "return of the kingmaker."	「キングメーカーの再来」を頼んでいるわけじゃない。
a pain in someone's ass	うるさく面倒をかける存在、厄介者	You're being a pain in my ass.	あなたは本当に厄介な人ね。
deputy chief of mission	首席公使、大使館ナンバー2の役職（外交用語）	I'm Stuart Hayford, your deputy chief of mission.	私はスチュアート・ヘイフォード、あなたの首席公使です。
arranged marriage	政略結婚、お見合い結婚（ここでは新任大使と大使館スタッフの関係を皮肉って使用）	I guess this is what arranged marriage feels like.	これがお見合い結婚というものの感覚なのね。
reassuring perimeter	安心感を与える周囲の防護（治安上、安全な立地であることの比喩）	Regent's Park provided a reassuring perimeter.	リージェンツ・パークが、安心できる防護帯の役割を果たしていた。
the Situation Room	（ホワイトハウス地下の）危機管理室、安全保障会議室	The vice president was missing from yesterday's Situation Room meeting.	副大統領は昨日の安全保障会議を欠席していた。
cite something	（理由・根拠として）挙げる	Her office cited schedule constraints.	彼女の事務所はスケジュール上の制約を理由に挙げた。
lay a wreath	献花する、花輪を捧げる（弔意を示す儀礼）	To lay a wreath in honor of the fallen sailors.	戦死した水兵たちを追悼して花輪を捧げるために。
present one's credentials	信任状を提出する（新任大使が正式に任国に着任する外交儀礼）	Then you'll submit them officially at Buckingham Palace.	その後、バッキンガム宮殿で正式に信任状を提出することになる。
split one's skirt	スカートの後ろを裂いてしまう（着任式でのハプニングとして語られる）	Mrs. Vayle split her skirt up the back.	ヴェイル夫人はスカートの後ろを裂いてしまったの。
do a feature	（新聞・雑誌が人物などの）特集記事を組む	She's good, she'll do a feature.	彼女は優秀だから、いい特集記事を書いてくれるはずよ。
ditch something	（計画・提案などを）やめる、放棄する	It's fine. We'll ditch it.	大丈夫、その案はやめましょう。
stretch one's legs	少し体を動かす、散歩する	I think I'm gonna stretch my legs.	ちょっと体を動かしてくるよ。
tag along	（誰かに）ついて行く、同行する	Him tagging along is not--	彼が付いてくるのは……
get one's ass in the saddle	本腰を入れて物事に取り組む、仕事に慣れる（下品でくだけた表現、"get on one's feet"の乱暴な言い換え）	Did you ask me to help get your feet on the ground or your ass in the saddle?	軌道に乗る手伝いをしてくれと頼んだはずでしょう？
the pit wash	脇の下をさっと拭くこと（身支度を整える際のくだけた言い方）	Sure? I can do the pit wash.	本当に大丈夫？脇の下、拭いてあげようか？
keep the focus tight	話や対応の焦点を絞る、広げすぎない	Keep the focus tight.	話の焦点を絞っておいて。
chief of station	（CIAの）現地支局長	CIA chief of station.	CIA支局長です。
clock something	（変化・異常などに）気づく、察知する	They clocked some instability in a propeller.	彼らはプロペラの不安定な動きに気づいた。
ramp up	（調査・活動などが）本格化する	The investigation hasn't ramped up.	捜査はまだ本格化していない。
horror show	目も当てられないひどい惨状	Nicol, what a fucking horror show.	ニコル、まったくひどい惨状だな。
career officer / political appointee	キャリア外交官／政治任用の大使（実力で昇進した外交官と、政治的献金などで大使になった人物を対比する外交用語）	Kate's a career officer. Not a political appointee.	ケイトはキャリア外交官であって、政治任用の大使ではないんです。
whip something into a frenzy	（人・集団を）扇動して興奮状態にする	Too busy whipping the Sunni coalition into a frenzy.	スンニ派連合を扇動して熱狂させるのに忙しい。
swing one's dick around	権力を誇示していばり散らす（下品な口語表現）	He's swinging his dick around the Persian Gulf.	彼はペルシャ湾であちこちに威張り散らしているだけだ。
batting order	（電話などの）優先順位、対応する順番（野球の打順から転じた比喩）	Any idea how much planning went into the batting order on your phone sheet?	あなたへの電話をどの順番でつなぐか、どれだけ計画したか分かる？
scintillating	（皮肉を込めて）さぞ面白そうな、刺激的な	It sounds scintillating.	さぞかし刺激的でしょうね（皮肉）。
cover someone's ass	（人の）失態・落ち度を庇う、尻拭いをする	You're covering Ganon's ass for him.	あなたはギャノンの尻拭いをしているのよ。
tie the knot	（本来は結婚するの意）ここでは信任状提出の儀式を皮肉って比喩的に使用	Ready to tie the knot?	いよいよ「結婚式」（信任状の受け渡し）の準備はいい？
muck up someone's day	（人の）予定・一日を台無しにする	Does that muck up your day?	それで君の予定が台無しになるかな？
jump into the fray	争い・混乱の渦中に飛び込む	We're grateful to have you jumping into the fray.	あなたが早速この混乱の渦中に飛び込んでくれて感謝しています。
on the front foot	積極的な姿勢で、先手を取って	I believe he's very much on the front foot.	彼はかなり積極的な姿勢に出ていると思います。
have one's ducks in a row	準備をきちんと整えている	He just wants to make sure his ducks are in a row before he does.	電話をかける前に、きちんと段取りを整えておきたいだけなんです。
hole up	（人目を避けて）どこかに閉じこもる、身を潜める	Let's hole us up somewhere where they can't find us.	誰にも見つからない場所に閉じこもりましょう。
sit around with one's thumbs up one's ass	何もせずぼんやり突っ立っている（下品な口語表現）	Made the whole American delegation look like they were sitting around with their thumbs up their asses.	アメリカ代表団全体が、何もせずぼーっと突っ立っているように見せてしまった。
blow in	（前触れなく）勢いよく乗り込んでくる	Blew in and made the whole American delegation look like that.	突然乗り込んできて、アメリカ代表団を間抜けに見せてしまった。
get a readout	（会談などの）内容報告、要約を受け取る	You got a readout?	会談の報告は受けた？
at post	任地に着任して、赴任先で	You've been at post for an hour.	赴任してまだ1時間なのに。
non-nothingness	（皮肉交じりの造語）「無ではない」ということ、多少の意味があること	It's not nothing. They'll appreciate its non-nothingness.	ゼロというわけじゃない。彼らはその「無ではない」ことのありがたみを分かってくれるはず。
Tory operative	保守党（Tory）の選挙工作員、参謀	She's a Tory operative.	彼女は保守党の選挙参謀なんです。
the brains behind the operation	（計画・作戦の）頭脳、黒幕	She was the brains behind the operation.	彼女がその作戦の頭脳だった。
peewee soccer	幼児・低学年向けのサッカー（比喩で「人畜無害で親しみやすい」というニュアンス）	You wish had time to coach peewee soccer.	少年サッカーのコーチでもしていそうな人畜無害な感じに仕立て上げる。
media hit	メディア露出、報道で取り上げられること	Your first media hit in the country can't be a candid with Meg Roylin.	この国での最初のメディア露出が、メグ・ロイリンとのツーショットではまずい。
slow-roll something	（手続きなどを）わざと遅らせる	They asked me to slow-roll her clearance.	彼女の着任認可の手続きを、わざと遅らせろと頼まれた。
shitcan someone	（人を）解雇する、追い出す（非常にくだけた俗語）	He's trying to shitcan her.	彼は彼女を追い出そうとしている。
eat off someone's plate	（人の）手柄・得点を横取りする	Ganon thinks she's eating off his plate.	ギャノンは、彼女が自分の手柄を横取りしていると思っている。
read someone in	（人に）内部事情・機密情報を教える、事情を共有する（諜報用語）	It's why I read you in.	だからこそ、あなたに内部事情を教えたのよ。
take the torch from someone	（人から）役割・使命を引き継ぐ	Building a VP who could take the torch from an old man.	高齢の大統領から後継の役割を引き継げる副大統領を育てていた。
take the edge off	（緊張・不快感などを）和らげる	An apology could take the edge off.	謝罪があれば、多少は角が立たずに済むかもしれない。
boil over	（事態が）激化する、沸騰して噴き出す	He's trying to keep the Gulf from boiling over.	彼は湾岸情勢がこれ以上激化しないよう抑えようとしている。
make an oopsie	うっかりミスをする（幼稚な言い回しを皮肉的に使用）	I'm not calling him to say I made an oopsie.	「うっかりミスしちゃった」と謝るために電話するつもりはない。
on the books	正式に記録・登録された状態で（ここでは「正式に着任済み」の意）	You're not on the books yet.	あなたはまだ正式に着任した扱いになっていないのよ。
get it up for something	（気乗りしないことにも）やる気を出す、奮起する（比喩的表現）	Even I can get it up for averting another bloodbath in the motherfucking Gulf.	私でさえ、あの湾岸でまた大惨事が起きるのを防ぐためなら奮起できるわ。
media darling	メディアのお気に入り、人気者	A media darling by sunup.	夜が明ける頃には、メディアの寵児になっているでしょうね。
drop-kick someone into something	（人を）強引に・唐突にある状況に放り込む	Drop-kicked me into the center of the action.	私を、いきなり事態の中心に放り込んだ。
do someone a solid	（人に）便宜を図る、恩を売る（くだけた口語表現）	The president asked me to do him a solid.	大統領が私に、彼のために一肌脱いでくれと頼んだの。
cut a fucking ulcer	猛烈にストレスを感じる、胃に穴が開くほど苦しむ（下品な誇張表現）	She is cutting a fucking ulcer because she has to make nice with a reporter.	記者に愛想よくしなければならなくて、胃に穴が開くほどのストレスを感じている。
make nice with someone	（人に）愛想よくする、機嫌を取る	She has to make nice with a reporter.	彼女は記者に愛想よくしなければならない。
a frog in a pot of water	茹でガエル（少しずつ環境に慣らされて危機に気づかない例え）	She is a frog in a pot of water. We have six months.	彼女は鍋の中のカエルのようなもの。私たちには半年ある。
pick a wedgie	食い込んだ下着を直す（くだけた表現）	I scratched my face and picked a wedgie.	顔を掻いて、食い込んだ下着を直したわ。
a handful	手のかかる人、扱いにくい人	He's a handful, but people love him.	彼は手のかかる人だけど、みんなに愛されている。
give someone a break	大目に見てやる、勘弁してやる	Give them a break. They need a picture for the website.	大目に見てやって。ウェブサイト用の写真が必要なだけなんだから。
come at a cost	何らかの代償を伴う	Always comes at a cost.	いつだって何かしらの代償が伴う。
step in	（対応・仕事に）割って入る、乗り出す	At this point, they're asking you to step in.	この段階で、彼らはあなたに対応に乗り出してほしいと言っている。
light the place up	（比喩的に）攻撃して火の海にする、徹底的にやっつける	I swear, we're gonna light the place up.	誓って言うが、あそこを火の海にしてやる。
on its face	一見したところ、表面的には	On its face, it's credible.	表面的には信憑性があるように見える。
